<?xml version="1.0" encoding="UTF-8"?>
<project xmlns="http://maven.apache.org/POM/4.0.0"
         xmlns:xsi="http://www.w3.org/2001/XMLSchema-instance"
         xsi:schemaLocation="http://maven.apache.org/POM/4.0.0 http://maven.apache.org/xsd/maven-4.0.0.xsd">
    <modelVersion>4.0.0</modelVersion>

    <groupId>com.codenjoy</groupId>
    <artifactId>engine</artifactId>
    <version>1.1.1</version>

    <properties>
        <build.time>${maven.build.timestamp}</build.time>

        <java.version>1.8</java.version>
        <project.build.sourceEncoding>UTF-8</project.build.sourceEncoding>

        <commons-collections.version>4.3</commons-collections.version>
        <json.version>20180813</json.version>
        <jsonio.version>4.10.1</jsonio.version>
        <java-web-socket.version>1.5.1</java-web-socket.version>

        <reflections.version>0.9.11</reflections.version>
        <fest-reflect.version>1.4.1</fest-reflect.version>
        <fest-assert.version>1.4</fest-assert.version>

        <maven-compiler.version>3.5.1</maven-compiler.version>
        <maven-resources.version>3.1.0</maven-resources.version>
        <maven-antrun.version>1.8</maven-antrun.version>
        <maven-license.version>1.16</maven-license.version>
        <maven-source-plugin.version>3.0.1</maven-source-plugin.version>
        <maven-clean-plugin.version>3.0.0</maven-clean-plugin.version>
        <maven-jar-plugin.version>3.2.0</maven-jar-plugin.version>
        <maven-buildnumber-plugin.version>1.4</maven-buildnumber-plugin.version>
        <maven-scm-jgit.version>1.11.2</maven-scm-jgit.version>

        <user.resources>src/main/webapp/resources/user</user.resources>
        <engine.libs>${user.resources}/engine-libs.zip</engine.libs>
        <engine.packs>${project.build.directory}/libs</engine.packs>
    </properties>

    <repositories>
        <repository>
            <id>codenjoy-releases</id>
            <url>https://github.com/codenjoyme/codenjoy-repo/raw/master/snapshots</url>
        </repository>
    </repositories>

    <dependencyManagement>
        <dependencies>
            <dependency>
                <groupId>org.springframework.boot</groupId>
                <artifactId>spring-boot-dependencies</artifactId>
                <version>2.1.3.RELEASE</version>
                <type>pom</type>
                <scope>import</scope>
            </dependency>
        </dependencies>
    </dependencyManagement>

    <dependencies>
        <dependency>
            <groupId>org.java-websocket</groupId>
            <artifactId>Java-WebSocket</artifactId>
            <version>${java-web-socket.version}</version>
        </dependency>
        <dependency>
            <groupId>org.eclipse.jetty.websocket</groupId>
            <artifactId>websocket-server</artifactId>
        </dependency>
        <dependency>
            <groupId>org.eclipse.jetty.websocket</groupId>
            <artifactId>websocket-client</artifactId>
        </dependency>

        <dependency>
            <groupId>org.projectlombok</groupId>
            <artifactId>lombok</artifactId>
            <optional>true</optional>
        </dependency>
        <dependency>
            <groupId>org.apache.commons</groupId>
            <artifactId>commons-collections4</artifactId>
            <version>${commons-collections.version}</version>
        </dependency>
        <dependency>
            <groupId>org.apache.commons</groupId>
            <artifactId>commons-lang3</artifactId>
        </dependency>
        <dependency>
            <groupId>commons-codec</groupId>
            <artifactId>commons-codec</artifactId>
        </dependency>
        <dependency>
            <groupId>org.json</groupId>
            <artifactId>json</artifactId>
            <version>${json.version}</version>
        </dependency>
        <dependency>
            <groupId>com.cedarsoftware</groupId>
            <artifactId>json-io</artifactId>
            <version>${jsonio.version}</version>
        </dependency>
        <dependency>
            <groupId>org.reflections</groupId>
            <artifactId>reflections</artifactId>
            <version>${reflections.version}</version>
        </dependency>

        <dependency>
            <groupId>ch.qos.logback</groupId>
            <artifactId>logback-classic</artifactId>
        </dependency>

        <dependency>
            <groupId>junit</groupId>
            <artifactId>junit</artifactId>
            <scope>test</scope>
        </dependency>
        <dependency>
            <groupId>org.mockito</groupId>
            <artifactId>mockito-core</artifactId>
            <scope>test</scope>
        </dependency>
        <dependency>
            <groupId>org.easytesting</groupId>
            <artifactId>fest-assert</artifactId>
            <version>${fest-assert.version}</version>
            <scope>test</scope>
        </dependency>
        <dependency>
            <groupId>org.easytesting</groupId>
            <artifactId>fest-reflect</artifactId>
            <version>${fest-reflect.version}</version>
            <scope>test</scope>
        </dependency>
    </dependencies>

    <build>
        <resources>
            <resource>
                <directory>src/main/java</directory>
                <filtering>true</filtering>
                <excludes>
                    <exclude>**/*.java</exclude>
                </excludes>
            </resource>
            <resource>
                <directory>src/main/resources</directory>
                <filtering>true</filtering>
                <includes>
                    <include>**/*</include>
                </includes>
            </resource>
            <resource>
                <directory>src</directory>
                <includes>
                    <include>license/**</include>
                </includes>
            </resource>
        </resources>
        <plugins>
            <plugin>
                <groupId>org.codehaus.mojo</groupId>
                <artifactId>buildnumber-maven-plugin</artifactId>
                <version>${maven-buildnumber-plugin.version}</version>
                <executions>
                    <execution>
                        <phase>validate</phase>
                        <goals>
                            <goal>create</goal>
                        </goals>
                    </execution>
                </executions>
                <configuration>
                    <doCheck>false</doCheck>
                    <doUpdate>false</doUpdate>
                    <providerImplementations>
                        <git>jgit</git>
                    </providerImplementations>
                    <scmConnectionUrl>scm:git:</scmConnectionUrl>
                    <scmDirectory>${project.basedir}/../../../</scmDirectory>
                    <getRevisionOnlyOnce>true</getRevisionOnlyOnce>
                    <shortRevisionLength>8</shortRevisionLength>
                </configuration>
                <dependencies>
                    <dependency>
                        <groupId>org.apache.maven.scm</groupId>
                        <artifactId>maven-scm-api</artifactId>
                        <version>${maven-scm-jgit.version}</version>
                    </dependency>
                    <dependency>
                        <groupId>org.apache.maven.scm</groupId>
                        <artifactId>maven-scm-provider-jgit</artifactId>
                        <version>${maven-scm-jgit.version}</version>
                    </dependency>
                </dependencies>
            </plugin>
            <plugin>
                <groupId>org.apache.maven.plugins</groupId>
                <artifactId>maven-compiler-plugin</artifactId>
                <version>${maven-compiler.version}</version>
                <configuration>
                    <encoding>utf8</encoding>
                    <source>${java.version}</source>
                    <target>${java.version}</target>
                </configuration>
            </plugin>
            <plugin>
                <groupId>org.apache.maven.plugins</groupId>
                <artifactId>maven-resources-plugin</artifactId>
                <version>${maven-resources.version}</version>
                <configuration>
                    <encoding>utf8</encoding>
                    <nonFilteredFileExtensions>
                        <nonFilteredFileExtension>zip</nonFilteredFileExtension>
                    </nonFilteredFileExtensions>
                </configuration>
            </plugin>
            <plugin>
                <groupId>org.apache.maven.plugins</groupId>
                <artifactId>maven-clean-plugin</artifactId>
                <version>${maven-clean-plugin.version}</version>
                <configuration>
                    <filesets>
                        <fileset>
                            <directory>${user.resources}</directory>
                            <includes>
                                <include>**/engine-libs.zip</include>
                            </includes>
                            <followSymlinks>false</followSymlinks>
                        </fileset>
                    </filesets>
                </configuration>
            </plugin>
            <plugin>
                <groupId>org.apache.maven.plugins</groupId>
                <artifactId>maven-jar-plugin</artifactId>
                <version>${maven-jar-plugin.version}</version>
                <configuration>
                    <excludes>
                        <exclude>**/logback.xml</exclude>
                    </excludes>
                </configuration>
            </plugin>
            <plugin>
                <groupId>org.apache.maven.plugins</groupId>
                <artifactId>maven-antrun-plugin</artifactId>
                <version>${maven-antrun.version}</version>
                <executions>
                    <execution>
                        <phase>verify</phase>
                        <configuration>
                            <target>
                                <mkdir dir="${engine.packs}" />
                                <copy todir="${engine.packs}">
                                    <resources>
                                        <file file="setup.bat"/>
                                        <file file="setup.sh"/>
                                        <file file="mvnw"/>
                                        <file file="mvnw.cmd"/>
                                        <file file="${project.build.directory}/engine-${project.version}.jar"/>
                                        <file file="${project.build.directory}/engine-${project.version}-sources.jar"/>
                                    </resources>
                                </copy>
                                <copy todir="${engine.packs}/.mvn" >
                                    <fileset dir=".mvn" includes="**"/>
                                </copy>
                                <copy file="pom.xml"
                                      tofile="${engine.packs}/engine-${project.version}-pom.xml"/>
                                <copy file="../pom.xml"
                                      tofile="${engine.packs}/games-${project.version}-pom.xml"/>

                                <delete file="${engine.libs}" />
                                <zip destfile="${engine.libs}"
                                     basedir="${engine.packs}"
                                     includes="**"
                                     excludes=""
                                     update="true"/>

                                <zip destfile="${project.build.directory}/engine-${project.version}.jar"
                                     basedir="src/main/webapp"
                                     includes="**"
                                     excludes=""
                                     update="true"/>
                            </target>
                        </configuration>
                        <goals>
                            <goal>run</goal>
                        </goals>
                    </execution>
                </executions>
            </plugin>
            <plugin>
                <groupId>org.apache.maven.plugins</groupId>
                <artifactId>maven-source-plugin</artifactId>
                <version>${maven-source-plugin.version}</version>
                <executions>
                    <execution>
                        <id>attach-sources</id>
                        <goals>
                            <goal>jar</goal>
                        </goals>
                    </execution>
                </executions>
            </plugin>
            <plugin>
                <groupId>org.codehaus.mojo</groupId>
                <artifactId>license-maven-plugin</artifactId>
                <version>${maven-license.version}</version>
                <configuration>
                    <licenseName>gpl_v3</licenseName>
                    <licenseResolver>${project.baseUri}/src/license</licenseResolver>
                    <organizationName>Codenjoy</organizationName>
                    <projectName>Codenjoy - it's a dojo-like platform from developers to developers.</projectName>
                    <inceptionYear>2018</inceptionYear>
                    <canUpdateCopyright>false</canUpdateCopyright>
                    <canUpdateDescription>false</canUpdateDescription>
                    <canUpdateLicense>false</canUpdateLicense>
                </configuration>
                <executions>
                    <execution>
                        <id>first</id>
                        <goals>
                            <goal>update-file-header</goal>
                        </goals>
                        <phase>process-sources</phase>
                    </execution>
                </executions>
            </plugin>
        </plugins>
    </build>

</project>